UID,WID,Understand,attempt,time,distance,averageSpeed,maxSpeed,maxStopTime,xUTurnCount,yUTurnCount,thinkingTime,answeringTime,maxDDTime,DDCount,maxDDIntervalTime,totalDDIntervalTime
0,0,2,1,13865,4475.93,0.322822,18.0278,316,17,17,2329,11536,818,6,3151,6690
4,0,4,4,11810,4321.56,0.365924,4.30116,147,17,21,1930,8111,0,0,0,0
4,4,4,2,5300,1909.01,0.360191,3.5536,111,3,5,1769,1142,0,0,0,0
4,8,4,1,18820,4197.56,0.223037,1.78262,1067,25,25,1747,14478,0,0,0,0
5,0,4,1,15289,5462.83,0.357305,30.4138,432,30,30,2646,10023,0,0,0,0
5,0,4,2,5586,1906.41,0.341284,3.41346,181,3,3,2016,1131,0,0,0,0
5,1,4,1,8159,2465.16,0.30214,24.2074,272,14,17,1199,4904,0,0,0,0
5,2,4,1,6808,2211.26,0.324803,18.6011,143,11,11,1030,3986,0,0,0,0
5,4,4,1,5466,1971.16,0.360622,5.7888,172,6,6,1898,1305,0,0,0,0
10000001,0,2,1,13087,3183.7,0.243272,3.45492,1502,13,18,5704,7383,881,2,4815,4815
10000001,4,4,1,26104,4842.65,0.185514,4.219,2305,22,20,3833,22271,1112,8,3600,13696
10000001,14,2,1,20415,4178.06,0.204656,2.21446,872,22,17,5423,14992,1413,7,2066,6970
10000001,22,4,1,24266,3686.9,0.151937,1.72099,4827,17,14,2759,21507,1159,8,9419,15680
10000001,32,4,1,23640,5921.76,0.250498,3.60555,854,20,30,5865,17775,1174,10,3088,12136
10000001,39,2,1,26440,5674.9,0.214633,2.14049,645,32,28,11408,15032,840,7,4656,8803
10000001,45,4,1,64386,10890.4,0.169142,19.2094,3240,40,48,3957,60429,1120,10,17216,53121
10000001,46,2,1,44490,5810.84,0.13061,3.06689,4345,29,21,5073,39417,3308,7,8491,26849
10000001,54,3,1,60215,10433,0.173262,3.74499,4468,32,33,20797,39418,2089,10,12978,29630
10000001,58,2,1,42639,9300.17,0.218114,2.72495,1587,30,24,5520,37119,5608,12,6293,23161
10000001,59,3,1,53264,7744.88,0.145406,4.98397,4464,26,29,4340,48924,1556,8,15844,42139
10000001,60,3,1,65261,7912.82,0.121249,5.5354,5177,34,31,4876,60385,6238,10,11284,43414
10000001,61,4,1,46481,7832.93,0.168519,6.93221,4431,29,19,10719,35762,1662,12,4332,23801
10000001,67,4,1,47865,10143.8,0.211926,6.809,2932,39,27,2888,44977,1751,10,10932,27156
10000001,68,4,1,38410,6371.09,0.165871,3.54828,5229,29,30,3890,34520,1156,11,5230,20918
10000001,76,4,1,58673,6156.04,0.104921,2.80743,6786,24,20,3766,54907,4092,11,13309,42704
10000001,89,4,1,63811,11992.9,0.187944,4.63897,2121,51,43,13514,50297,5278,15,9572,32785
10000001,92,4,1,47359,6361.06,0.134316,27.1662,7957,29,20,2788,44571,1728,11,16623,36901
10000001,99,2,1,34853,6848.12,0.196486,12.3693,2740,25,20,3160,31693,3203,9,6034,19338
10000001,127,3,1,9752,2887.11,0.296053,6.94726,1035,10,8,5057,4695,607,2,3055,3055
10000001,129,3,1,3552,1865.24,0.525123,2.71671,160,5,3,2346,1206,446,1,0,0
10000001,138,3,1,62961,8767.62,0.139255,3.09483,4418,32,24,2053,60908,3715,11,31092,48535
10000001,139,4,1,25491,6913.39,0.271209,22.4722,844,27,24,11079,14412,547,6,4927,10943
10000001,141,2,1,7347,3230.12,0.439652,2.61308,470,12,7,2699,4648,366,4,2227,3011
10000001,143,3,1,26233,5319.01,0.20276,2.68974,2797,20,17,3172,23061,3380,10,2623,12989
10000001,147,2,1,31763,6751.77,0.212567,3.7908,4908,18,22,12114,19649,523,6,9887,16404
10000001,160,2,1,3229,1846.27,0.571778,1.83371,120,3,3,2444,785,250,1,0,0
10000001,161,3,1,3417,2082.74,0.609523,2.61383,137,5,3,1948,1469,262,1,0,0
10000001,163,2,1,7938,3037.74,0.382683,3.00958,1455,9,8,1618,6320,348,4,1561,3331
10000001,176,4,1,64179,6951.55,0.108315,2.7822,7781,34,21,4620,59559,4150,13,10833,40656
10000001,181,2,1,15920,5187.85,0.32587,2.87827,812,19,14,1934,13986,644,6,7599,11222
10000001,184,2,1,3372,2254.94,0.668725,5.36773,169,5,4,2222,1150,228,1,0,0
10000001,186,4,1,2745,1718.45,0.62603,3.00463,36,3,3,1817,928,187,1,0,0
10000001,191,4,1,2524,1316.05,0.521414,2.11315,267,3,3,1370,1154,271,1,0,0
20250001,0,2,2,115138,22923.2,0.199093,7.11073,1935,109,77,37743,77395,2456,19,11105,55680
20250001,0,4,3,2940,1808.89,0.615268,2.41748,138,3,2,1877,1063,382,1,0,0
20250001,0,4,4,60117,15253.4,0.253729,48.8365,472,99,113,2465,50026,0,0,0,0
20250001,0,4,5,49839,14939.8,0.299761,6.96419,598,101,97,2764,42299,0,0,0,0
20250001,4,2,1,4041,2158.14,0.53406,3.22493,246,5,3,2123,1918,412,1,0,0
20250001,4,4,2,27878,5639.15,0.202279,5.51004,1095,41,46,2401,21991,0,0,0,0
20250001,4,4,3,12004,3123.52,0.260206,3.17128,405,16,16,3326,6741,244,1,4760,10256
20250001,5,4,1,2892,2241.97,0.775231,5.55667,175,4,6,1859,1033,282,1,0,0
20250001,5,2,2,61784,12449.2,0.201495,7.82624,2088,77,82,16340,37848,0,0,0,0
20250001,5,4,3,4670,2014.09,0.431282,3.53488,47,4,7,1848,1062,0,0,0,0
20250001,8,1,1,4765,2308.78,0.484529,7,405,7,2,2916,1849,484,1,0,0
20250001,8,4,2,7394,1891.48,0.255813,3.22188,518,7,5,3263,1783,0,0,0,0
20250001,9,1,1,3934,2039.22,0.518359,3.2736,347,3,3,2229,1705,474,1,0,0
20250001,10,4,1,7120,3184.6,0.447275,15,252,7,6,5675,1445,450,1,0,0
20250001,11,4,1,4665,2175.33,0.466309,4.20282,514,5,7,3137,1528,622,1,0,0
20250001,18,4,1,102812,9747.29,0.094807,23.2594,34050,40,27,85524,17288,936,10,2498,10939
20250001,19,3,1,145196,28873,0.198855,29.4279,6126,115,90,6650,138546,2015,26,39520,111511
20250001,41,3,1,28663,4509.01,0.157311,58.6941,1171,23,18,16320,12343,885,7,2656,6507
20250001,310,3,1,34686,10217.4,0.294569,25.7099,620,48,29,3913,30773,2552,14,4736,19410
20250001,344,4,1,20676,5030.38,0.243296,30.3645,734,24,16,5949,14727,673,7,4264,10044
20250001,350,2,1,19660,5099.13,0.259366,34.2053,774,27,17,3980,15680,642,7,3564,10979
20250001,356,3,1,12711,4191.02,0.329716,17.1172,338,24,11,2896,9815,776,5,2852,5424
20250001,357,3,1,56382,13683,0.242685,64.3817,3933,51,39,22239,34143,1683,12,6225,27495
20250001,358,2,1,16823,7912.06,0.470312,3.32662,586,29,9,10841,5982,1318,3,2079,2694
20250001,376,1,1,98888,10710.8,0.108312,35.6931,7468,35,27,74745,24143,752,13,5650,16826
20250001,381,1,1,42503,12537,0.294968,19.3132,882,47,36,5850,36653,1666,12,7897,25135
30914025,22,4,1,13648,3641.94,0.266848,2556.54,245,11,7,2978,10670,817,7,1303,5185
30914025,32,4,1,21408,3575.9,0.167036,3051.21,723,21,12,4168,17240,1105,9,2561,9453
30914025,45,3,1,82151,11684.1,0.142227,7823.71,5320,38,44,5319,76832,1697,11,27334,62754
30914025,46,4,1,38177,4072.9,0.106685,3595.75,4422,7,10,9379,28798,3977,8,5976,19183
30914025,54,3,1,50307,10249.8,0.203745,9285.3,900,35,23,10134,40173,1989,11,12939,27650
30914025,58,2,1,91679,9502.1,0.103645,8501.79,17950,32,26,9104,82575,4171,12,30894,60781
30914025,59,3,1,44012,5951.24,0.135218,5099.97,2302,21,18,7479,36533,1178,7,16679,27163
30914025,60,4,1,49636,9681.93,0.195059,4929.92,890,27,26,4052,45584,1153,9,10287,24651
30914025,61,4,1,55626,9222.05,0.165787,7693.43,1327,32,30,5338,50288,2200,12,5591,33535
30914025,67,3,1,35459,6146.82,0.17335,5618.84,889,24,14,11370,24089,1155,8,8302,14720
30914025,68,4,1,31412,4233,0.134757,3816.94,672,19,18,3852,27560,1177,9,8767,20332
30914025,76,2,1,133931,16232.6,0.121201,14557.2,6310,56,47,5172,128759,6457,21,15447,101866
30914025,89,3,1,54776,9736.32,0.177748,6407.77,3817,23,28,4824,49952,2378,13,10774,32238
30914025,92,4,1,93209,12246.1,0.131384,10650.7,4152,48,43,6627,86582,4346,18,16278,56340
30914025,99,4,1,42940,9053.35,0.210837,5991.2,1886,36,25,7748,35192,800,14,12295,21428
30914025,127,2,1,73915,13199.7,0.17858,12798.5,2517,42,43,17145,56770,1729,14,17333,39722
30914025,129,4,1,27814,5555.18,0.199726,5110.01,1903,14,15,6614,21200,2296,9,6520,12831
30914025,138,4,1,47073,11151.4,0.236895,10233.5,2231,28,29,6471,40602,1465,13,5546,24000
30914025,139,4,1,61290,11474.4,0.187215,9608.47,2283,30,26,4823,56467,6835,13,7656,25462
30914025,141,2,1,62823,11335.7,0.180439,8267.04,8370,30,34,3104,59719,944,11,20167,43015
30914025,143,4,1,37736,7381.55,0.19561,6786.63,2668,29,19,16463,21273,1265,10,2295,11388
30914025,147,2,1,132838,15239.6,0.114723,13215.9,14172,53,41,26407,106431,8532,10,46449,86949
30914025,160,2,1,121078,16377.5,0.135264,14988.6,4840,55,51,6273,114805,1770,14,24741,91934
30914025,161,3,1,159072,22357.9,0.140552,19627.1,4424,69,53,7680,151392,2256,13,36554,122513
30914025,162,2,1,145303,15015.7,0.103341,14314.1,7496,64,58,3576,141727,5112,25,17079,106319
30914025,176,2,1,60096,9139.83,0.152087,8473.42,5799,32,28,4856,55240,1793,11,9806,43649
30914025,181,2,1,133063,14117.3,0.106095,13345.1,4040,59,34,10232,122831,5560,15,31259,97164
30914025,184,2,1,61146,7213.93,0.117979,6008.57,2996,27,26,8970,52176,4088,10,24551,38171
30914025,186,2,1,72816,10190.7,0.139951,9661.59,7396,34,30,3752,69064,2009,13,12760,54575
30914025,191,2,1,54631,8584.79,0.157141,7184.28,1588,30,29,10001,44630,2369,11,8128,27663
30914026,22,4,1,22041,3346.27,0.15182,1412.18,5114,12,9,2392,19649,946,7,1719,6072
30914026,32,3,1,31155,3284.45,0.105423,2795.91,5989,7,5,2827,28328,1330,8,4968,14106
30914026,45,4,1,52216,7149.47,0.136921,6686.4,6797,23,14,2720,49496,3257,10,8895,30214
30914026,46,3,1,57760,6044.17,0.104643,5566.1,3119,24,14,2595,55165,888,8,17378,38286
30914026,54,4,1,21776,4541.5,0.208555,4067.22,2475,11,8,3761,18015,1140,9,1039,6085
30914026,58,1,1,99223,10654,0.107374,8804.06,2162,33,32,3655,95568,6089,14,26383,52657
30914026,59,4,1,26465,3408.35,0.128787,2907.89,3036,11,5,2129,24336,1496,7,8288,14485
30914026,60,4,1,39286,3917.24,0.0997108,3457.52,9046,15,11,3814,35472,4250,8,7040,16196
30914026,61,2,1,86651,7559.79,0.0872441,6633.03,5485,22,16,5276,81375,4609,13,15639,59577
30914026,67,4,1,35849,5277.14,0.147205,3611.99,1233,12,10,6296,29553,1145,8,4911,13373
30914026,68,3,1,36104,4703.98,0.13029,3519.45,2478,14,15,3599,32505,1169,9,9088,15867
30914026,76,2,1,77129,10898.6,0.141304,8527.25,4321,27,22,6889,70240,1144,13,18616,59553
30914026,89,4,1,60214,6024.73,0.100055,5734.37,4156,21,16,11277,48937,2146,13,8669,28693
30914026,92,4,1,40911,4438.65,0.108495,2998.62,5533,16,13,5192,35719,1082,10,15320,23906
30914026,99,2,1,168675,11428,0.0677516,10553.2,13317,28,28,6804,161871,8969,21,17142,119448
30914026,127,2,1,162126,14470.3,0.0892533,12293.4,18376,38,37,13458,148668,3927,15,37175,107782
30914026,129,3,1,91776,8403.29,0.0915631,6405.23,27535,16,14,7209,84567,913,10,15983,34758
30914026,138,3,1,51192,4797.03,0.0937066,3594.44,2254,13,11,2344,48848,3314,10,8751,19200
30914026,139,1,1,84795,10662.1,0.12574,9313.81,4023,32,28,5312,79483,1440,15,16458,56913
30914026,141,2,1,78273,7050.31,0.0900733,6566.84,4757,20,20,13738,64535,4432,13,15588,43871
30914026,143,3,1,21581,3665.46,0.169847,3094.54,304,13,11,3317,18264,672,8,1182,5592
30914026,147,2,1,124496,12700.3,0.102014,11707.5,10623,31,21,9121,115375,8176,15,17520,85775
30914026,160,2,1,105129,14743.1,0.140238,13161.7,5203,38,31,2914,102215,1441,16,31156,89525
30914026,161,2,1,260414,31621.2,0.121427,28314.2,6654,80,75,12839,247575,4618,34,31762,171864
30914026,162,4,1,13505,2745.38,0.203286,1993.75,476,9,5,2496,11009,992,7,1296,4449
30914026,176,3,1,32757,4511.62,0.13773,3954.44,1608,12,10,3461,29296,1411,9,3967,18049
30914026,181,2,1,50812,8575.24,0.168764,8072,1651,29,23,3747,47065,1282,13,4878,25876
30914026,184,2,1,140962,11052.4,0.0784072,9825,8791,41,36,3212,137750,8106,25,23886,103077
30914026,186,3,1,65537,6333.89,0.096646,5009.81,4184,14,14,9065,56472,3412,10,11440,32718
30914026,191,3,1,21008,3532.32,0.168142,2808.89,373,11,7,3041,17967,673,8,7932,12307
30914904,22,4,1,12548,3740.52,0.298097,3143.3,265,14,12,2951,9597,689,7,1341,4820
30914904,32,4,1,16738,3308.5,0.197664,2652.87,519,10,9,3802,12936,970,8,1638,6150
30914904,45,4,1,21061,3848.32,0.182723,3060.68,1121,9,12,4188,16873,1993,9,1807,8279
30914904,46,4,1,31153,4798.48,0.154029,2883.48,1384,11,17,1795,29358,1199,10,10915,22749
30914904,54,4,1,75071,13546.7,0.180452,12105.9,1552,46,48,11650,63421,2191,20,16383,49318
30914904,58,2,1,48420,7990.22,0.165019,7617.67,2906,27,18,4804,43616,1012,9,16744,34758
30914904,59,4,1,30400,5525.64,0.181764,4804.18,1023,15,7,6145,24255,2681,9,3557,11697
30914904,60,4,1,36522,6008.58,0.16452,5427.58,1848,24,17,4914,31608,6930,10,6471,17361
30914904,61,4,1,29678,5375.38,0.181123,4718.7,702,18,20,2934,26744,1217,10,6248,17021
30914904,67,4,1,38814,9616.37,0.247755,9016.46,2058,28,21,9472,29342,1849,9,6118,19458
30914904,68,4,1,29942,6057.98,0.202324,4782.08,806,20,16,5766,24176,1297,10,5063,12571
30914904,76,2,1,90935,10039,0.110397,9396.72,5163,45,30,7761,83174,9586,15,19637,62167
30914904,89,4,1,22704,6354.36,0.279878,4630.54,624,14,11,6407,16297,810,10,3390,9585
30914904,92,4,1,60047,9033.13,0.150434,8014.13,2248,35,20,3240,56807,4371,14,14463,42565
30914904,99,4,1,22768,4815.26,0.211492,1553.11,1373,10,10,8167,14601,641,8,733,4325
30914904,127,4,1,47769,7703.74,0.161271,6257.54,2312,25,16,21656,26113,1586,11,3615,15214
30914904,129,4,1,31929,4763.05,0.149176,1800.23,1992,18,14,7976,23953,2504,8,3679,13391
30914904,138,2,1,45040,8042.01,0.178553,7181.02,2518,19,18,5031,40009,4127,12,6902,27628
30914904,139,2,1,49806,8273.19,0.166108,7787.08,993,27,21,5462,44344,3497,18,3734,26659
30914904,141,2,1,90552,9167.04,0.101235,8121.88,3619,32,23,4121,86431,2747,13,16917,61286
30914904,143,4,1,12031,3415.29,0.283874,2934.04,224,9,7,2703,9328,678,7,1356,5154
30914904,147,3,1,50163,8997.96,0.179374,7559,4454,29,16,7298,42865,2816,11,6888,23846
30914904,160,3,1,56159,7837.3,0.139556,6976.78,3864,24,17,1624,54535,7314,12,8639,29082
30914904,161,2,1,109385,10919.2,0.0998237,10621.3,13517,24,25,7650,101735,22386,14,19637,45045
30914904,162,4,1,26458,4424.41,0.167224,2787.51,1262,18,11,2673,23785,1961,10,4062,12893
30914904,176,4,1,34600,5626.41,0.162613,4802.89,965,14,11,4320,30280,10249,11,3160,12505
30914904,181,4,1,15431,3850.83,0.249552,1163.77,1112,12,8,3143,12288,592,9,3512,7341
30914904,184,4,1,35382,5109.52,0.14441,4471.99,1620,21,17,4046,31336,1962,11,4070,17813
30914904,186,4,1,52274,9454.88,0.180872,8809.91,954,29,21,16931,35343,2104,12,5821,23966
30914904,191,4,1,32363,6078.2,0.187813,2934.08,4368,20,13,4947,27416,1172,11,8264,19223
60910014,22,4,1,13446,3114.37,0.231621,2584.32,257,6,11,1798,11648,970,7,1038,4835
60910014,32,3,1,22745,3568.55,0.156894,3034.97,4143,14,6,1304,21441,945,8,8584,14939
60910014,45,2,1,33278,5605.17,0.168435,4715.9,599,15,13,2454,30824,1187,11,5152,19814
60910014,46,4,1,24740,3286.16,0.132828,2377,1480,9,8,1711,23029,1040,7,5200,16555
60910014,54,4,1,19849,4747.68,0.23919,4330.22,378,13,11,2025,17824,1114,9,2007,8713
60910014,58,4,1,29744,4520.46,0.151979,2578.28,1292,11,10,10904,18840,1337,9,3590,11010
60910014,59,2,1,50064,4493,0.0897452,3947.48,4438,12,9,4122,45942,2825,8,18231,33744
60910014,60,4,1,26153,3500.96,0.133864,3072.21,2097,14,6,5009,21144,1177,8,7967,14510
60910014,61,3,1,31867,5121.79,0.160724,4740.15,2063,19,10,12107,19760,1770,9,1752,8302
60910014,67,4,1,12766,2959.89,0.231857,2490.36,254,15,5,2109,10657,865,7,1191,4986
60910014,68,4,1,19385,3887.64,0.200549,3390.29,404,11,8,3200,16185,1089,9,1735,8453
60910014,76,2,1,61051,4478.23,0.0733522,3781.34,6075,15,10,12907,48144,2601,8,11846,26931
60910014,89,2,1,65670,8867.1,0.135025,8519.82,5040,26,22,23678,41992,2226,13,10221,29127
60910014,92,4,1,23401,4281.52,0.182963,3584.03,1120,14,6,3850,19551,1551,9,3951,11373
60910014,99,4,1,26738,3843.55,0.143748,3339.04,2119,15,10,13385,13353,1065,8,1047,5869
60910014,127,2,1,89158,10740.4,0.120464,10425.6,1400,33,20,29758,59400,2203,14,7726,41372
60910014,129,4,1,24583,5317.49,0.216307,3134.22,1514,17,11,5742,18841,1514,10,1870,9516
60910014,138,4,1,25267,3658.92,0.14481,3239.88,1590,8,8,2586,22681,1857,9,4512,14121
60910014,139,2,1,51538,6989.96,0.135627,6570.04,3110,13,12,9610,41928,1961,12,8111,29485
60910014,141,3,1,32019,5233.07,0.163437,4188.73,760,18,23,7585,24434,1089,15,2703,14511
60910014,143,4,1,12762,2688.38,0.210655,1124.28,264,11,11,2865,9897,746,7,1148,4963
60910014,147,2,1,83833,9162,0.109289,7858.22,4767,29,21,13849,69984,2681,15,25711,52768
60910014,160,3,1,39156,4812.08,0.122895,4124.5,3415,16,7,5318,33838,2992,11,6735,20780
60910014,161,2,1,80080,10405.8,0.129943,8788.67,4183,28,24,10520,69560,2633,15,11317,52114
60910014,162,4,1,18513,2823.49,0.152514,2092.06,330,4,6,4712,13801,985,7,3639,8492
60910014,176,2,1,73803,7162.89,0.0970542,6361.38,5485,21,17,3156,70647,2337,11,13071,52941
60910014,181,4,1,42784,6234.33,0.145716,5739.2,1231,15,13,3160,39624,1177,11,11671,30063
60910014,184,2,1,22985,4293.87,0.186812,3819.74,641,9,9,2393,20592,1034,9,5079,13728
60910014,186,4,1,27594,4931.94,0.178732,4639.51,1294,17,11,7162,20432,897,9,6217,12441
60910014,191,4,1,17458,3174.23,0.181821,2722.61,336,13,9,2594,14864,1273,8,1376,7170
60910020,22,4,1,14354,3682.13,0.256523,3080.13,566,10,7,2474,11880,921,7,863,4523
60910020,32,4,1,17912,3626.12,0.202441,2631.16,696,13,9,2728,15184,1024,8,2119,7113
60910020,45,4,1,29728,4928.63,0.165791,3930.04,685,24,7,3360,26368,993,9,5838,14821
60910020,46,4,1,33815,4024.18,0.119006,3373.3,943,12,5,8584,25231,1217,7,8248,14552
60910020,54,4,1,19617,4785.33,0.243938,4226.41,946,13,12,4169,15448,1311,9,1141,6852
60910020,58,3,1,65520,8624.51,0.131632,8276.84,3339,15,18,1432,64088,1921,15,13343,46551
60910020,59,4,1,43456,4467.99,0.102816,3904.12,6857,16,5,1080,42376,2288,8,20703,33743
60910020,60,4,1,32064,4522.81,0.141056,3727.18,4504,13,14,1072,30992,5130,9,9222,18377
60910020,61,4,1,18544,4433.95,0.239105,3365.72,790,10,11,736,17808,1043,9,1597,6900
60910020,67,4,1,18727,2977.5,0.158995,2448.41,1802,14,9,5408,13319,1000,7,1638,5363
60910020,68,4,1,23424,3789.51,0.161779,3396.47,1391,11,10,2536,20888,1449,9,1248,7011
60910020,76,3,1,77080,7993.14,0.103699,7565.56,4270,17,14,1265,75815,3233,12,17622,47446
60910020,89,4,1,84703,10406.6,0.12286,7929.41,2400,31,17,3143,81560,2009,10,22358,38029
60910020,92,4,1,28089,4923.69,0.175289,4540.69,1358,16,13,6283,21806,2105,9,2863,11669
60910020,99,4,1,37287,5034.48,0.13502,4182.68,1945,20,10,1408,35879,1945,10,7087,21460
60910020,127,3,1,145105,15302.8,0.10546,14684.2,20479,37,31,3377,141728,3681,21,50669,113079
60910020,129,4,1,29673,3825.91,0.128936,3476.03,2949,12,7,1040,28633,1017,9,9414,17546
60910020,138,4,1,32992,4312.34,0.130709,3508.62,5126,12,9,1856,31136,1571,9,6023,18146
60910020,139,4,1,40169,5926.25,0.147533,5631.16,10478,15,9,1096,39073,2569,12,12415,27672
60910020,141,3,1,44089,4925.38,0.111715,4359.15,6117,12,9,4216,39873,1161,9,10959,28809
60910020,143,4,1,17776,3045.8,0.171343,1964.82,390,11,8,1239,16537,1153,7,7295,10522
60910020,147,4,1,67976,7187.21,0.105732,6828.35,9373,19,19,10424,57552,1480,13,13224,40157
60910020,160,4,1,85857,7293.81,0.084953,6953.21,8382,15,7,1459,84398,2041,12,17327,63672
60910020,161,4,1,37056,6326.3,0.170723,5856.15,2062,20,13,728,36328,1201,13,11184,22402
60910020,162,4,1,20393,2871.8,0.140823,2340.4,3015,13,8,968,19425,777,7,10264,13323
60910020,176,3,1,121127,18999.9,0.15686,18593.3,4043,52,36,1224,119903,3392,31,35414,88417
60910020,181,4,1,55480,5863.47,0.105686,5089.8,14600,18,13,1192,54288,6560,10,8288,23692
60910020,184,4,1,32608,6682.99,0.204949,5805.1,1720,23,10,975,31633,2657,10,4136,19015
60910020,186,4,1,29360,5853.33,0.199364,5544.87,2230,15,8,1752,27608,1601,9,6399,18369
60910020,191,4,1,22136,3686.43,0.166535,3247.76,798,10,11,5416,16720,1097,8,2031,7902
60910022,22,4,1,14626,3850.34,0.263253,2732.68,785,11,9,4291,10335,817,7,1855,6020
60910022,32,4,1,26465,4079.6,0.154151,3079.85,809,19,21,3872,22593,1508,11,1943,9119
60910022,45,2,1,27124,4621.88,0.170398,2869.91,1248,17,17,5828,21296,642,9,3839,12023
60910022,46,3,1,20588,3955.96,0.192149,2178.31,615,11,11,4739,15849,1169,9,3647,9273
60910022,54,3,1,58647,12287.3,0.209513,11099.3,4481,52,38,12908,45739,1768,23,2711,22943
60910022,58,2,1,44988,7080.46,0.157386,4881.94,3304,28,13,3091,41897,1681,10,14455,31183
60910022,59,2,1,23381,5373.11,0.229807,4605.45,753,18,12,6118,17263,1225,9,3360,10878
60910022,60,2,1,77974,6891.1,0.0883769,5688.05,2256,25,24,3918,74056,2426,14,28960,61285
60910022,61,4,1,27916,7335.61,0.262774,6887.18,2232,26,22,8891,19025,650,8,5823,14400
60910022,67,3,1,35709,8208.63,0.229876,4970.73,2557,23,19,4809,30900,666,8,8711,14591
60910022,68,3,1,23389,4398,0.188037,3979.22,919,14,12,3941,19448,2762,9,2256,9653
60910022,76,2,1,75093,11217.1,0.149376,10212.7,2472,43,29,8076,67017,1978,13,12600,49422
60910022,89,2,1,52855,7314.12,0.138381,3698.54,6971,26,16,15509,37346,882,10,10231,21342
60910022,92,4,1,22369,5159.73,0.230664,2825.34,464,23,13,6323,16046,609,9,2951,9663
60910022,99,2,1,54266,7661.13,0.141177,5675.95,4347,33,24,4562,49704,1655,19,6783,32890
60910022,127,2,1,71154,8461.99,0.118925,6826.89,4056,23,19,13443,57711,1064,13,9392,38075
60910022,129,2,1,43315,6775.67,0.156428,3092.92,1728,25,19,4387,38928,2137,11,12503,29568
60910022,138,4,1,29824,5524.94,0.185252,4360.38,2248,22,20,2048,27776,1824,11,7232,18366
60910022,139,2,1,42029,7703.69,0.183295,4191.33,1328,22,20,8148,33881,2290,14,7597,22060
60910022,141,2,1,29917,5589.17,0.186823,4521.04,4357,21,15,4122,25795,873,9,10647,20044
60910022,143,4,1,18472,3497.27,0.189328,1142.39,1328,13,9,3336,15136,1138,8,4080,10107
60910022,147,2,1,81857,13866.7,0.169402,13025.3,6008,31,30,11680,70177,4053,20,11558,50484
60910022,160,2,1,77944,10835.5,0.139016,9188.59,3578,26,21,2434,75510,2313,15,17272,59757
60910022,161,2,1,138968,12492.9,0.0898977,10827.5,6288,49,29,9033,129935,3322,20,31206,107221
60910022,162,4,1,18230,3645.31,0.199962,2940.91,424,13,10,3813,14417,945,8,3680,8770
60910022,176,2,1,53118,6909.03,0.13007,5946.71,3368,27,20,3404,49714,3346,13,15006,29194
60910022,181,2,1,32436,5794.59,0.178647,780.334,2244,21,17,3660,28776,818,9,5805,18146
60910022,184,2,1,33178,5292.49,0.159518,4063.62,2611,20,19,3331,29847,1050,9,4494,19468
60910022,186,2,1,34539,8172.95,0.23663,2817.56,2742,26,21,5835,28704,1255,13,6295,20776
60910022,191,3,1,58366,7441.42,0.127496,6235,4678,32,13,4686,53680,1328,13,11959,41951
60910037,22,4,1,19481,3357.07,0.172325,2849.94,2312,12,6,3338,16143,1130,7,1551,6600
60910037,32,3,1,24595,3242.02,0.131816,2068.87,2085,10,9,2843,21752,1097,8,3664,10770
60910037,45,2,1,55881,3997.34,0.0715331,2437.35,11384,15,9,2960,52921,1368,11,18838,42121
60910037,46,4,1,15725,3196.85,0.203297,2654.12,433,6,8,3317,12408,977,7,1544,6447
60910037,54,2,1,29626,4461.16,0.150582,3531.73,1842,10,7,9304,20322,746,9,3319,11723
60910037,58,2,1,102465,6373.2,0.0621988,5480.45,17583,19,11,7216,95249,1962,10,35582,76470
60910037,59,2,1,108729,6653.77,0.061196,5386.27,46005,23,16,12196,96533,1352,10,51407,88047
60910037,60,2,1,42185,5634.74,0.133572,5210.59,9856,8,12,17761,24424,1385,11,2783,15812
60910037,61,2,1,90865,8834.32,0.0972247,8424.69,4016,31,26,18272,72593,1074,14,32088,60844
60910037,67,2,1,43071,5971.49,0.138643,4810.46,3220,15,14,9952,33119,2129,11,6278,16459
60910037,68,2,1,64371,6476.97,0.100619,5904.6,16592,17,9,5310,59061,1136,12,18438,47510
60910037,76,2,1,47436,7203.89,0.151866,5096.2,2318,15,12,7732,39704,992,13,6319,29738
60910037,89,2,1,143863,13429.2,0.0933474,12836.4,9216,39,40,1441,142422,1705,18,37911,124555
60910037,92,3,1,42123,4803.98,0.114047,4401.09,1719,15,12,6804,35319,746,9,8343,25148
60910037,99,2,1,63677,5994.45,0.0941384,4908.88,6330,16,17,7600,56077,1072,11,19252,47098
60910037,127,2,1,157332,7757.05,0.0493037,5412.2,37934,24,23,3041,154291,1184,14,55655,140903
60910037,129,2,1,52208,5336.51,0.102216,4036.6,6093,13,10,9696,42512,1233,10,10703,31163
60910037,138,2,1,41228,3824.34,0.0927607,3429.97,21270,12,13,5396,35832,873,9,22327,29754
60910037,139,2,1,166228,17237.2,0.103696,16994.7,13753,50,59,7775,158453,4059,24,18999,132739
60910037,141,2,1,62432,6599.88,0.105713,6162.43,20200,18,10,22376,40056,1499,11,16304,28825
60910037,143,2,1,16128,3027.84,0.187738,2565.65,582,5,2,4376,11752,1042,7,1392,5196
60910037,147,2,1,167808,6285.34,0.0374555,5549.83,44033,19,17,34785,133023,1401,13,75111,120864
60910037,160,2,1,130912,9494.22,0.0725237,9234.75,7922,23,16,5827,125085,1665,13,41303,111525
60910037,161,2,1,90186,8669.88,0.0961333,7469.23,7135,24,18,8079,82107,1800,16,16897,69256
60910037,162,2,1,103001,5274.94,0.0512125,4692.55,23041,19,18,13690,89311,1137,11,55223,80657
60910037,176,2,1,76344,6176.92,0.080909,5661.51,6832,22,17,2248,74096,1588,11,14207,56361
60910037,181,2,1,61764,7140.65,0.115612,6667.18,5031,23,19,3652,58112,1200,11,13320,43931
60910037,184,2,1,62658,5437.92,0.0867873,3965.03,10238,13,9,3803,58855,1329,10,20749,45519
60910037,186,2,1,55856,6938.15,0.124215,6624.61,8688,9,15,16888,38968,976,12,8648,30506
60910037,191,3,1,16602,3674.31,0.221317,3210.9,809,6,11,2297,14305,1169,8,2223,7726
60910044,22,4,1,12361,3251.29,0.263028,2194.29,288,13,7,3609,8752,729,7,935,3826
60910044,32,4,1,28444,3430.64,0.12061,2855.66,1406,13,10,9644,18800,1033,7,6720,11645
60910044,45,3,1,56574,5672.23,0.100262,4179.38,6704,14,16,5134,51440,1905,10,13566,40187
60910044,46,3,1,48235,5455.07,0.113094,4262.65,5821,16,18,2062,46173,2921,11,8276,31729
60910044,54,3,1,65913,8741.25,0.132618,7736.9,7044,22,21,7562,58351,3634,11,15503,38177
60910044,58,3,1,69846,7720.92,0.110542,7328.39,3830,27,24,4166,65680,3736,12,11832,51321
60910044,59,3,1,51000,3825.03,0.0750005,3153.45,6057,14,8,5905,45095,9049,7,8343,20286
60910044,60,3,1,34408,3699.72,0.107525,1945.07,2426,12,8,9664,24744,2857,6,5495,12157
60910044,61,3,1,49343,7830.95,0.158704,7411.73,2448,19,18,6304,43039,2136,11,7031,28012
60910044,67,3,1,38404,5034.71,0.131099,3594.46,3375,14,14,8724,29680,1537,8,4935,15976
60910044,68,3,1,35371,3943.74,0.111496,3459.64,3432,9,9,5222,30149,2257,9,7639,19049
60910044,76,2,1,36318,4230.25,0.116478,3760.85,4153,12,7,7174,29144,3368,8,11528,17011
60910044,89,2,1,158689,12194,0.0768424,10900,10983,37,27,7537,151152,8946,16,29391,118482
60910044,92,3,1,37849,5554.64,0.146758,4570.16,4687,14,17,4985,32864,5305,9,3854,13270
60910044,99,2,1,61414,6804.45,0.110796,5729.7,3194,17,14,8191,53223,3985,9,6295,31067
60910044,127,2,1,109370,9669.59,0.0884118,9369.17,5199,26,24,10900,98470,3193,13,24407,79726
60910044,129,3,1,54914,7211.59,0.131325,5840.5,5416,18,16,11433,43481,1543,10,22031,33730
60910044,138,2,1,59896,6529.17,0.109008,4413.3,8101,13,14,3136,56760,7264,10,11679,38854
60910044,139,2,1,84707,9365.01,0.110558,8886.22,4052,24,17,4146,80561,23807,14,10056,35169
60910044,141,2,1,67546,6071.78,0.089891,4163.68,9648,18,15,4897,62649,4688,9,29287,49107
60910044,143,4,1,19271,2758.41,0.143138,2262.86,616,9,10,2375,16896,984,7,5704,10412
60910044,147,2,1,136368,11418.6,0.0837336,11049.5,8791,27,22,21297,115071,1952,14,32351,99670
60910044,160,2,1,149633,12646.2,0.0845146,12225.9,6746,40,21,7402,142231,13394,17,29797,100216
60910044,161,2,1,114772,14454.9,0.125944,14085.3,6936,39,38,9356,105416,2616,14,20607,87951
60910044,162,3,1,40495,3561.17,0.087941,1829.63,4056,15,9,2447,38048,1936,8,14655,26754
60910044,176,3,1,69331,8736.08,0.126005,7170.12,6548,28,19,5035,64296,3577,11,11351,37455
60910044,181,2,1,59872,4366.58,0.0729319,4001.08,5984,9,11,6625,53247,1649,9,19798,43655
60910044,184,2,1,86410,6524.84,0.0755102,3598.04,9736,27,22,2938,83472,4297,10,17830,67852
60910044,186,3,1,74152,8361.05,0.112756,7542.03,3577,27,14,14936,59216,1344,13,8359,42303
60910044,191,2,1,80371,7514.66,0.0934997,6665.46,12809,29,15,7761,72610,2224,11,21222,50450
60910046,22,4,1,13007,3722.53,0.286194,2465.2,380,10,6,2592,10415,769,7,999,4510
60910046,32,4,1,34366,5330.15,0.1551,4827.62,2527,26,26,4382,29984,2096,13,4384,18640
60910046,45,2,1,45266,5482.55,0.121119,5047.91,3384,20,15,5842,39424,1801,9,9671,31147
60910046,46,4,1,20086,4135.02,0.205866,3076.36,1146,11,8,3262,16824,817,7,4591,11383
60910046,54,4,1,25081,7426.13,0.296086,6025.7,418,20,14,8747,16334,782,9,1831,9468
60910046,58,2,1,51888,7102.98,0.136891,6416.07,1465,27,23,4832,47056,1891,12,14352,30398
60910046,59,4,1,17889,4196.36,0.234578,3768.07,1224,16,13,5210,12679,528,7,4207,8799
60910046,60,3,1,16185,3745.81,0.231437,3314.8,864,9,5,2368,13817,753,8,3071,8952
60910046,61,3,1,48022,8848.27,0.184255,6091.92,3391,26,24,9447,38575,1234,10,7336,31121
60910046,67,4,1,28184,5918.11,0.209981,5529.48,857,21,23,12288,15896,1145,7,2544,8990
60910046,68,3,1,40541,8824.27,0.217663,8218.24,1529,27,32,5752,34789,1081,9,13567,25859
60910046,76,3,1,28251,4325.67,0.153116,3871.03,805,16,12,11035,17216,817,8,3079,11612
60910046,89,3,1,165390,18966.7,0.114678,14049.5,8959,45,42,13440,151950,4539,14,57829,126952
60910046,92,4,1,34192,6035.87,0.176529,5598.07,2159,26,25,7249,26943,858,11,6512,20969
60910046,99,3,1,39792,6182.3,0.155365,5593.43,1651,25,20,4440,35352,2049,10,6752,23128
60910046,127,2,1,41454,6612.95,0.159525,5774.28,1232,18,15,13081,28373,3162,12,2767,15703
60910046,129,2,1,34801,7173.17,0.20612,6422.06,1440,17,22,6689,28112,1594,9,4878,17585
60910046,138,2,1,44516,5324.85,0.119617,3834.34,7992,19,25,2316,42200,1930,11,13055,31946
60910046,139,2,1,45825,7701.48,0.168063,7000.18,1894,29,14,4003,41822,865,14,7183,28654
60910046,141,2,1,48788,7175.75,0.14708,6230.03,1664,16,31,5187,43601,1049,10,11703,33714
60910046,143,4,1,13676,3284.51,0.240166,2775.08,469,10,10,3739,9937,897,7,1087,5488
60910046,147,2,1,83831,12566,0.149897,11599.1,2726,33,28,15888,67943,4154,12,13624,50179
60910046,160,2,1,46886,8519.45,0.181706,6231.84,1680,27,30,6912,39974,1858,13,4703,24950
60910046,161,2,1,71304,12239.4,0.17165,9967.43,4854,39,30,7408,63896,5522,14,16886,45229
60910046,162,3,1,27152,4704.6,0.173269,4022,1784,11,12,3312,23840,2633,9,4149,15407
60910046,176,3,1,34319,6271.04,0.182728,4013.15,1751,18,14,3831,30488,2496,10,6806,17983
60910046,181,3,1,33775,4398.03,0.130216,3941.47,1688,13,10,4127,29648,3320,11,5680,17145
60910046,184,2,1,42104,5763.61,0.13689,3777.58,2232,22,18,3537,38567,2107,9,7438,22091
60910046,186,3,1,44950,9881.63,0.219836,8683.54,2438,36,22,6541,38409,1329,9,16272,30366
60910046,191,4,1,18212,4142.47,0.227459,3608.12,440,13,16,5716,12496,881,8,1520,6130
60910090,22,4,1,13142,3208.43,0.244136,2395.52,437,8,9,2397,10745,729,7,1543,5368
60910090,32,4,1,16156,3476.06,0.215156,2797.37,632,11,15,3123,13033,891,8,2335,6912
60910090,45,3,1,91787,8058.66,0.0877974,6008.15,17685,19,22,20012,71775,1673,11,24327,49384
60910090,46,4,1,26585,3029.31,0.113948,2097.03,4984,9,7,2000,24585,849,7,15014,19196
60910090,54,4,1,22690,4888.4,0.215443,4496.92,2996,17,12,7356,15334,1000,9,1622,8214
60910090,58,4,1,72985,7265.18,0.0995435,4812.28,5256,26,21,15512,57473,1523,11,23040,45171
60910090,59,2,1,49689,3773.1,0.0759342,1668.91,7008,10,8,5330,44359,785,7,26111,38689
60910090,60,4,1,51309,3929.04,0.0765759,3526.5,12277,11,13,9749,41560,882,9,9216,23368
60910090,61,4,1,46525,5533.86,0.118944,5003.71,2517,15,10,19885,26640,1025,10,6127,19162
60910090,67,4,1,26862,6181.36,0.230116,5134.86,2271,21,16,8109,18753,874,8,6031,11258
60910090,68,4,1,44152,4582.43,0.103788,3834.5,6411,13,10,3040,41112,3323,9,11453,23072
60910090,76,2,1,180542,5323.89,0.0294884,3513.32,8984,14,7,40559,139983,826,9,105578,129384
60910090,89,4,1,83200,6551.11,0.0787393,4000.04,13375,23,15,21792,61408,3632,11,12496,40712
60910090,92,3,1,91554,6368.61,0.0695613,5850.09,3305,22,17,17978,73576,1154,10,13623,49016
60910090,99,4,1,54097,3800.16,0.0702471,2791.01,4264,15,10,9096,45001,688,9,18104,40081
60910090,127,4,1,129130,9702.13,0.0751346,9122.47,16528,23,12,19068,110062,1417,12,32655,81567
60910090,129,3,1,113978,9435.31,0.0827818,4805.97,29680,26,23,36258,77720,1464,11,35416,67523
60910090,138,2,1,119810,6427.59,0.0536482,5915.75,16476,18,18,13547,106263,1633,12,28777,96284
60910090,139,2,1,79927,6660.47,0.0833319,5116.01,3979,19,20,12200,67727,3223,13,38009,56946
60910090,141,2,1,162907,6267.78,0.0384746,5516.74,45962,20,18,16036,146871,13906,10,49047,122914
60910090,143,4,1,17248,2684.94,0.155667,1036.63,4255,13,9,6127,11121,1011,7,2304,5604
60910090,147,2,1,225598,9295.34,0.0412031,6604.83,49679,23,29,40048,185550,10425,14,109106,163359
60910090,160,3,1,89153,9993.35,0.112092,8926.27,13286,25,25,8722,80431,1232,13,15920,58734
60910090,161,2,1,127729,9405.29,0.0736347,7637.12,4604,26,16,11805,115924,1201,13,42145,105107
60910090,162,4,1,29854,4721.35,0.158148,4121.24,5260,16,8,8166,21688,1249,8,3967,14668
60910090,176,3,1,62542,4371.24,0.0698928,3521.18,3886,7,13,6486,56056,1746,9,15967,43697
60910090,181,4,1,45843,5557.54,0.12123,4804.92,12758,20,8,11458,34385,1241,10,2736,11449
60910090,184,3,1,97267,8219.07,0.0845,6762.63,14469,18,26,6933,90334,1265,14,15991,76423
60910090,186,4,1,96888,5107.54,0.0527159,4717.37,21662,13,10,28680,68208,1008,10,25543,61448
60910090,191,4,1,36750,6082.81,0.165519,5672.34,1696,19,14,10269,26481,3569,10,5120,16527
60910103,22,4,1,15385,3687.71,0.239695,2159.91,337,15,6,2474,12911,1049,7,1271,5433
60910103,32,4,1,20273,3760.21,0.185478,2627.97,401,9,6,3832,16441,826,8,1839,6393
60910103,45,3,1,87009,9227.59,0.106053,7348.41,5960,31,15,11352,75657,1356,12,17132,62054
60910103,46,4,1,25744,3920.27,0.152279,2789.1,1102,15,9,8192,17552,1146,7,3776,9419
60910103,54,3,1,37521,6424.86,0.171234,3895.28,4099,15,18,16659,20862,834,9,1831,7134
60910103,58,2,1,146677,18747.9,0.127817,16761.1,8950,53,37,13782,132895,1913,15,49107,112301
60910103,59,4,1,30544,4192.83,0.137272,2575.55,2296,18,10,5386,25158,983,7,4320,8254
60910103,60,2,1,53458,5426.5,0.10151,2351.42,3464,22,12,5059,48399,1089,8,12871,24993
60910103,61,3,1,30653,5605.58,0.182872,4215.04,696,17,12,6389,24264,1064,9,3520,12727
60910103,67,4,1,28201,4286.12,0.151985,2923.31,2127,17,13,12009,16192,841,7,1351,6114
60910103,68,3,1,29856,4286.66,0.143578,3119.16,1864,11,9,5176,24680,1368,9,3663,10192
60910103,76,2,1,80112,6664.73,0.0831926,5926.91,3336,16,16,21280,58832,1152,9,25583,34644
60910103,89,3,1,83164,13466.8,0.161931,8299.3,4673,46,22,19019,64145,1761,12,18430,45544
60910103,92,4,1,41728,4730.52,0.113366,2097.83,7911,15,8,6386,35342,1168,9,13728,21513
60910103,99,4,1,40814,8579.06,0.210199,6292.57,1521,26,17,14870,25944,1112,11,3135,13452
60910103,127,4,1,78229,10757.4,0.137511,10376.4,3807,29,22,20859,57370,1840,14,18430,43702
60910103,129,4,1,22996,5279,0.229561,4126.38,776,12,11,5922,17074,1161,9,2406,6515
60910103,138,2,1,61968,6032.89,0.0973549,4666.37,7581,26,27,12512,49456,2440,10,8583,23187
60910103,139,3,1,63143,8660.95,0.137164,7014.46,8202,25,33,5992,57151,10655,14,6568,27898
60910103,141,3,1,62360,9850.59,0.157963,9356.81,6928,30,20,14512,47848,1520,12,10960,33111
60910103,143,4,1,17288,3290.28,0.190321,2170.68,1008,6,5,4584,12704,960,7,1607,4969
60910103,147,3,1,81607,12335,0.151151,9381.49,6536,33,22,28176,53431,1127,14,12120,36472
60910103,160,3,1,60783,12391.9,0.203871,9140.22,1787,36,26,5360,55423,2713,13,6694,36508
60910103,161,3,1,98993,15411.1,0.155679,13150.9,6333,35,28,24138,74855,1521,13,11422,53827
60910103,162,4,1,27833,3396.08,0.122016,2173.94,719,13,15,13977,13856,850,7,1999,5239
60910103,176,3,1,63249,8016.84,0.12675,7337.12,3920,22,18,6513,56736,5305,14,26110,36115
60910103,181,3,1,44471,8027.93,0.180521,5224.48,3000,23,27,2568,41903,1631,10,11064,23211
60910103,184,3,1,97613,8789.25,0.0900418,5615.69,7687,32,19,7990,89623,4752,10,26152,72643
60910103,186,3,1,76744,9089.35,0.118437,4859.31,2561,20,17,9896,66848,2048,10,15479,46906
60910103,191,4,1,18720,4299.82,0.229691,3175.68,250,13,10,3376,15344,868,8,1360,6572
60911041,22,4,1,17674,4418.94,0.250025,3527.62,694,13,8,4338,13336,1401,7,1046,5105
60911041,32,4,1,15912,3750.26,0.235687,2711.82,691,12,8,2232,13680,916,8,1494,6942
60911041,45,2,1,61683,5158.87,0.0836353,3544.2,30471,16,12,4179,57504,2105,9,2728,13196
60911041,46,4,1,16989,3362.79,0.197939,1605.1,993,10,10,3533,13456,1336,7,2064,6729
60911041,54,3,1,28608,5809.17,0.203061,5373.73,1232,17,14,10051,18557,1170,9,2582,9760
60911041,58,2,1,35004,6155.91,0.175863,5236.36,2103,21,17,3700,31304,3578,10,8391,19500
60911041,59,2,1,38253,4947.94,0.129348,4260.36,1804,18,16,4086,34167,1218,7,11447,26667
60911041,60,2,1,39102,5706.89,0.145949,4730.58,3725,17,13,2878,36224,4634,10,5832,18586
60911041,61,3,1,44217,8260.63,0.18682,6111.01,5177,31,19,3752,40465,1537,11,6959,28584
60911041,67,3,1,26530,4846.22,0.18267,1317.21,1073,17,23,7450,19080,1257,7,1759,6601
60911041,68,3,1,28356,3947.13,0.139199,3544.16,3086,14,10,4635,23721,1296,9,4133,11744
60911041,76,2,1,102047,13285.9,0.130194,12667.5,5769,36,34,6048,95999,8377,18,27055,67333
60911041,89,2,1,159621,15579.8,0.0976052,10826,14932,50,40,4398,155223,2361,20,12886,53888
60911041,92,4,1,71704,6779.61,0.09455,6304.65,4097,22,15,5488,66216,3209,9,40118,51103
60911041,99,4,1,18034,5077.09,0.281529,2639.53,432,13,15,4570,13464,823,8,2368,7557
60911041,127,2,1,110965,12000.4,0.108146,9983.4,19704,27,28,47760,63205,5807,13,10744,39440
60911041,129,2,1,74286,6588.28,0.0886881,4011.13,15555,21,16,7150,67136,1570,12,36910,54992
60911041,138,2,1,44440,8232.92,0.185259,6417.47,2929,22,25,4567,39873,4698,13,3001,21651
60911041,139,4,1,29504,5808.55,0.196873,5122.2,1105,15,18,4959,24545,1074,12,3007,13889
60911041,141,2,1,54607,7539.91,0.138076,6283.57,2376,18,19,4113,50494,4169,11,8112,26024
60911041,143,4,1,14852,3316.2,0.223283,682.479,432,16,11,2460,12392,808,7,1817,5795
60911041,147,2,1,177117,20554.2,0.116049,19782,45651,48,41,16110,161007,7632,17,89281,136990
60911041,160,2,1,100197,7853.09,0.0783765,5340.6,9144,28,17,4585,95612,11562,12,40351,70224
60911041,161,3,1,45683,8371.37,0.183249,5850.18,2661,22,19,11165,34518,4884,12,3920,17000
60911041,162,3,1,26051,3922.87,0.150584,2862.87,2207,18,12,4435,21616,1369,7,5479,13653
60911041,176,4,1,32924,4843.92,0.147124,1670.99,3898,15,12,6732,26192,1650,9,7040,16333
60911041,181,3,1,47218,6107.46,0.129346,4170.18,5012,15,8,3538,43680,4042,10,3607,16588
60911041,184,2,1,47991,5182.5,0.107989,4320.63,2016,16,15,4824,43167,2529,10,6590,25597
60911041,186,3,1,28471,6330.85,0.222361,2757.37,1580,14,12,10151,18320,1074,9,2071,9442
60911041,191,3,1,31532,4249.04,0.134753,3160.49,7168,12,9,5332,26200,3232,8,1425,6647
60911043,22,4,1,16272,3038.73,0.186746,2532.69,657,8,7,2032,14240,1538,7,1656,6085
60911043,32,4,1,17080,3139.72,0.183824,2582.33,559,6,9,3353,13727,1208,8,1528,6538
60911043,45,3,1,31835,3662.34,0.115041,2544.64,3806,7,6,4682,27153,1913,9,6359,17222
60911043,46,4,1,21912,3093.58,0.141182,2655.9,943,10,5,3416,18496,1241,7,4039,9468
60911043,54,3,1,33184,4162.87,0.125448,3703.75,4493,12,10,10665,22519,1849,9,2454,9531
60911043,58,2,1,56320,8487.8,0.150707,7166.84,1429,28,25,6736,49584,1770,11,12743,37020
60911043,59,4,1,17567,3499.73,0.199222,3142.35,507,13,10,3503,14064,762,7,3207,9042
60911043,60,2,1,25554,3957.43,0.154865,3207.69,1810,12,5,3834,21720,1130,8,3430,12008
60911043,61,4,1,42388,5129.02,0.121002,4716.72,5272,20,8,11275,31113,3473,10,6591,20680
60911043,67,4,1,14879,2861.8,0.192338,2225.29,836,14,10,4432,10447,689,7,1439,5531
60911043,68,2,1,46497,3734.31,0.0803129,3104.77,9429,7,7,4721,41776,1705,9,4471,18208
60911043,76,2,1,113869,8728.26,0.0766518,6998,16136,29,16,35805,78064,1688,15,28893,55815
60911043,89,3,1,51072,6085.11,0.119148,5767.2,3824,16,15,8309,42763,2402,11,12171,28135
60911043,92,3,1,35966,4265.12,0.118588,2819.2,2472,15,12,6590,29376,2305,9,5095,19306
60911043,99,3,1,64095,6785.31,0.105863,5495.21,3320,25,19,7207,56888,1025,17,10872,40963
60911043,127,4,1,81985,6342.54,0.0773622,3262.42,4389,19,12,15873,66112,5200,13,12751,42637
60911043,129,4,1,30170,4298.61,0.14248,3905.52,2904,21,15,7889,22281,1562,13,2592,13574
60911043,138,3,1,44408,4426.38,0.0996753,3379.86,5431,9,6,3392,41016,3969,9,8199,22615
60911043,139,3,1,47316,5210.7,0.110126,4522.85,4750,16,15,6563,40753,1786,13,5886,25908
60911043,141,2,1,58664,5259.52,0.0896549,4706.68,4848,15,14,23385,35279,988,10,7175,22512
60911043,143,4,1,15720,3105.24,0.197534,2595.48,1349,10,6,3344,12376,1760,7,1327,6020
60911043,147,2,1,339101,24636.3,0.0726518,23337.4,44713,51,53,23649,315452,3264,39,75230,255452
60911043,160,2,1,176179,11802.1,0.066989,7776.57,18736,30,26,4333,171846,2560,15,44654,123338
60911043,161,2,1,163729,8926.1,0.0545175,8125.79,25572,27,11,16290,147439,10890,15,32838,108102
60911043,162,3,1,24497,2312.89,0.0944152,1794.47,1984,6,4,3089,21408,1936,7,7144,10974
60911043,176,3,1,31594,4570.13,0.144652,4166.34,3218,12,11,4193,27401,3642,9,5503,16399
60911043,181,3,1,36896,4970.33,0.134712,3794.53,1671,14,8,4336,32560,1662,11,6558,20818
60911043,184,2,1,96993,5766.96,0.0594575,3169.37,9103,16,14,4124,92869,4812,12,13838,52583
60911043,186,2,1,93255,7114.02,0.0762857,6661.72,16772,19,14,8112,85143,1577,10,19647,58393
60911043,191,4,1,24424,3309.57,0.135505,2575.27,1420,8,7,3624,20800,1074,8,2216,10255
60911060,22,4,1,18703,3444.3,0.184158,1956.45,841,10,3,4369,14334,1505,7,1304,6285
60911060,32,3,1,26142,4853.57,0.185662,3455.77,928,14,15,3206,22936,1721,9,1574,8282
60911060,45,3,1,32505,4126.64,0.126954,3647.63,3492,16,5,5608,26897,2121,9,10231,15734
60911060,46,3,1,25205,3997.15,0.158586,3517.03,1558,11,10,4174,21031,2384,8,1616,7172
60911060,54,2,1,69246,10328.1,0.14915,9791.42,5160,28,20,8548,60698,2042,12,13015,46219
60911060,58,3,1,26832,5422.25,0.202081,5045.1,2292,19,11,4071,22761,1353,9,6368,13633
60911060,59,2,1,36313,4401.52,0.12121,3371.94,4144,12,8,4523,31790,1609,7,4952,18660
60911060,60,2,1,49280,5230.31,0.106134,3100.75,1770,18,13,2904,46376,3561,12,6112,24527
60911060,61,2,1,69822,9210.66,0.131916,8561.98,1429,22,14,3782,66040,6227,10,27980,45909
60911060,67,4,1,32321,5723.59,0.177086,4447.46,1360,24,19,7057,25264,1179,10,3687,11316
60911060,68,4,1,31558,5526.35,0.175117,4889.17,976,15,14,3262,28296,1906,10,6649,15456
60911060,76,2,1,65204,7510.24,0.115181,6539.11,3359,18,16,4012,61192,2185,9,15223,37939
60911060,89,3,1,39458,5452.95,0.138196,4827.59,7705,16,7,15401,24057,2722,10,2982,11118
60911060,92,3,1,33137,5945.72,0.179428,4533.24,784,13,12,6682,26455,2544,9,3399,13728
60911060,99,2,1,95731,8443.99,0.0882053,7213.47,20598,38,17,5667,90064,2249,14,31288,66098
60911060,127,3,1,70625,8114.93,0.114902,6915.84,9412,26,17,22530,48095,2856,12,4910,23894
60911060,129,3,1,77353,7946.76,0.102734,6715.63,16125,20,16,16392,60961,1641,9,16367,28868
60911060,138,2,1,42369,6142.06,0.144966,4390.73,2707,18,15,3960,38409,1794,9,11782,22479
60911060,139,2,1,64470,9158.76,0.142062,8556.15,1710,29,19,6894,57576,6881,14,7374,33236
60911060,141,2,1,49109,6372.91,0.129771,4511.98,2048,21,12,5917,43192,1657,9,5455,18593
60911060,143,3,1,19431,3432.46,0.176648,2927.11,1344,11,9,4768,14663,912,7,1632,5765
60911060,147,2,1,154671,15395.5,0.0995369,14930.1,5671,30,29,42088,112583,2007,17,19360,88499
60911060,160,2,1,107144,9045.44,0.0844232,8658.91,1296,32,20,34994,72150,2530,12,28814,52865
60911060,161,2,1,104113,13977.1,0.134249,12848,5809,45,31,22577,81536,3712,15,19855,53860
60911060,162,3,1,22637,3101.93,0.137029,2545.36,1068,8,5,3469,19168,1576,7,2087,6338
60911060,176,2,1,75616,8274.05,0.109422,7509.66,4360,23,17,3568,72048,3288,11,22830,53090
60911060,181,2,1,107743,5983.68,0.0555366,4673.87,8500,18,8,4064,103679,2634,9,14439,21918
60911060,184,3,1,32769,6177.39,0.188513,4860.14,782,15,9,6808,25961,1618,9,5102,14514
60911060,186,2,1,83000,8535.22,0.102834,7557.42,27025,24,26,6091,76909,2763,10,37189,57861
60911060,191,2,1,68957,11080.9,0.160692,10152.8,2778,25,19,5431,63526,5230,16,11071,32796
60911065,22,4,1,21505,4054.63,0.188544,3471.42,2877,12,10,2824,18681,1154,10,1867,7651
60911065,32,4,1,25233,3398.38,0.13468,1475.72,694,9,10,5744,19489,2400,8,1847,7694
60911065,45,3,1,48047,6202.7,0.129097,2112.98,7350,19,7,7551,40496,2009,10,8951,28284
60911065,46,4,1,34437,4921.64,0.142917,3509.17,2478,19,13,3541,30896,1504,9,6455,16695
60911065,54,4,1,39122,6213.16,0.158815,5023.91,3503,18,15,7785,31337,2377,9,3607,11791
60911065,58,4,1,16981,4381.17,0.258004,1719.9,1045,15,6,3643,13338,1159,9,1999,6611
60911065,59,4,1,20667,3513.11,0.169987,2315.43,959,14,8,5052,15615,1329,7,2648,8494
60911065,60,4,1,36194,4086.51,0.112906,3623.71,2590,12,11,5233,30961,6626,9,4432,11082
60911065,61,4,1,53544,7009.61,0.130913,3488.68,4737,25,13,1680,51864,1319,10,10185,37743
60911065,67,4,1,45734,5861.37,0.128162,5198.21,1129,25,5,14941,30793,2491,9,7914,15973
60911065,68,3,1,45166,5362.42,0.118727,3586.51,1896,18,10,5751,39415,1800,9,8677,18857
60911065,76,2,1,105759,7352.05,0.0695171,6765.66,20516,25,15,4304,101455,1865,9,33703,62970
60911065,89,4,1,56330,7449.2,0.132242,5396.22,3808,31,18,19627,36703,2282,13,11814,22640
60911065,92,4,1,72292,7361.25,0.101827,3408.17,12291,30,15,12452,59840,1728,10,18445,49126
60911065,99,3,1,67172,5661.02,0.0842765,4174.01,9013,23,12,13477,53695,1992,9,20927,38614
60911065,127,4,1,84036,10769,0.128147,10074,6738,39,26,11742,72294,2312,14,17409,43936
60911065,129,3,1,49464,4138.35,0.0836639,3326.21,10632,11,8,17183,32281,1379,9,10062,19718
60911065,138,4,1,14292,4034,0.282256,3032.44,315,15,12,2099,12193,548,9,2637,7109
60911065,139,3,1,81042,7757.82,0.0957259,7380.9,4744,26,15,4408,76634,1993,14,14865,59183
60911065,141,2,1,83171,9203.31,0.110655,7509.5,9597,46,24,14123,69048,2304,10,23088,47234
60911065,143,4,1,20833,3316.03,0.159172,494.866,1792,15,9,3441,17392,2410,8,3277,8979
60911065,147,2,1,208941,13494.5,0.0645853,11513.8,13056,41,35,24582,184359,3017,25,32567,156759
60911065,160,2,1,103671,12159.1,0.117286,11766.5,14892,34,19,5464,98207,2616,12,28943,68930
60911065,161,2,1,119388,16514.5,0.138327,15623.8,8266,44,40,23874,95514,1408,14,31882,74746
60911065,162,4,1,18784,2561.24,0.136352,1978.26,941,12,10,4207,14577,929,10,1640,8196
60911065,176,4,1,30719,4110.13,0.133798,3681.35,2725,15,13,3959,26760,1827,9,8702,17561
60911065,181,3,1,40797,6530.71,0.160078,4903.78,2968,21,12,2661,38136,2818,11,6342,22117
60911065,184,2,1,136743,9744.9,0.0712643,8735.17,7951,36,23,7313,129430,1865,15,40318,84660
60911065,186,3,1,50427,4717.5,0.0935511,3565.75,5751,15,14,12539,37888,1826,10,6079,26184
60911065,191,2,1,118419,11496.2,0.0970806,10669.4,13472,36,30,10159,108260,3810,19,34556,81905
60911069,22,4,1,12777,4239.8,0.33183,1939.62,379,14,12,1944,10833,817,7,944,4384
60911069,32,4,1,19985,3882.61,0.194276,3355.38,1214,18,13,3345,16640,849,8,3079,10450
60911069,45,2,1,63463,7854.42,0.123764,6918.69,2900,28,27,7464,55999,1890,9,18126,42305
60911069,46,3,1,20828,4725.89,0.226901,3361.55,668,19,17,2571,18257,1487,9,2520,9662
60911069,54,2,1,76034,8595.29,0.113045,7164.55,1201,37,31,16196,59838,6129,11,4911,21051
60911069,58,2,1,65584,5932.02,0.0904492,5547.54,10423,16,15,8536,57048,3263,11,12384,33357
60911069,59,2,1,80730,6095.71,0.0755074,5485.27,11518,31,11,7586,73144,10329,11,19799,40695
60911069,60,2,1,30265,4592.82,0.151754,4068.06,3104,18,16,2609,27656,1744,8,13583,20275
60911069,61,4,1,120819,10228.6,0.0846606,9575.09,8495,38,35,11043,109776,4384,17,16927,80601
60911069,67,3,1,18767,4061.72,0.216429,3539.96,976,19,12,8175,10592,1129,7,1967,4727
60911069,68,3,1,33458,6455.83,0.192953,5030.66,2431,23,16,8290,25168,2906,9,2606,10430
60911069,76,2,1,124104,9042.47,0.072862,7956.17,6392,26,28,7304,116800,11728,14,17827,67710
60911069,89,4,1,52949,7417.19,0.140082,6523.36,2353,34,26,5438,47511,1697,10,10615,28685
60911069,92,2,1,75409,5800.61,0.076922,4994.72,20031,25,19,8113,67296,7832,10,10536,25063
60911069,99,2,1,69784,4610.39,0.0660665,4125.06,8945,8,15,4488,65296,3504,9,13686,32986
60911069,127,2,1,197335,16324.7,0.0827257,15798.2,12190,42,35,20354,176981,16040,16,41045,139944
60911069,129,2,1,29285,4681.32,0.159854,4333.35,2164,16,13,6237,23048,1057,9,5087,15008
60911069,138,2,1,94314,8521.11,0.0903483,7874.31,9969,28,24,4101,90213,1803,12,37206,69598
60911069,139,2,1,63088,7786.32,0.12342,5993.55,12648,25,19,5327,57761,6395,12,3951,18002
60911069,141,2,1,196666,12775.6,0.0649611,11896.3,6024,45,31,7644,189022,7994,24,29591,148526
60911069,143,4,1,15552,2844.38,0.182895,2033.32,576,10,10,5487,10065,769,7,741,3696
60911069,147,2,1,138400,16988.8,0.122752,16651.8,8288,57,74,14320,124080,4560,30,10168,80405
60911069,160,2,1,78280,8518.04,0.108815,7533.45,7524,30,31,6048,72232,1630,15,17037,53852
60911069,161,2,1,84512,9210.67,0.108987,8537.07,9220,32,16,10345,74167,2505,11,27518,59394
60911069,162,2,1,27569,3512.84,0.12742,2972.61,3327,14,11,2296,25273,1321,7,7319,18011
60911069,176,2,1,39480,6095.18,0.154386,5243.28,1275,16,20,2759,36721,3050,11,8595,22572
60911069,181,2,1,42627,5138.76,0.120552,4555.83,15518,23,18,5379,37248,1586,11,4720,13049
60911069,184,2,1,86447,8161.77,0.0944136,6817.43,8631,31,26,5553,80894,6487,13,9512,37530
60911069,186,2,1,42838,6846.65,0.159827,6414.83,944,20,14,10134,32704,3024,11,4704,13538
60911069,191,3,1,23114,6857.97,0.296702,6244.84,865,19,21,6380,16734,880,8,2895,10242
60911072,22,4,1,16638,3633.86,0.218407,1926.29,704,10,15,4145,12493,1115,8,1255,5370
60911072,32,4,1,26086,4255.41,0.16313,3681.06,1071,15,18,6072,20014,1662,10,2550,9883
60911072,45,3,1,32400,4678.17,0.144388,3082.26,1715,23,22,2855,29545,1369,10,6055,17070
60911072,46,4,1,23140,3766.83,0.162784,1476.96,1120,7,8,4771,18369,1280,7,7088,11199
60911072,54,4,1,30176,6802.69,0.225434,5857.09,664,25,11,13563,16613,1369,9,1719,8512
60911072,58,3,1,20570,4837.67,0.235181,2089.95,1905,11,10,3857,16713,1209,9,3237,9545
60911072,59,3,1,38521,6392.18,0.16594,5620.42,6551,10,19,7066,31455,1147,8,7903,21029
60911072,60,2,1,75183,6073.64,0.0807847,3930.74,28470,35,22,4328,70855,1226,12,10023,23954
60911072,61,4,1,21961,4890.16,0.222675,4449.13,2371,17,11,5784,16177,985,12,2454,8882
60911072,67,4,1,22249,4598.83,0.206698,4239.39,681,16,8,4817,17432,1082,8,3863,9910
60911072,68,4,1,21031,4268.18,0.202947,3485.14,337,17,9,3143,17888,1025,9,3604,9861
60911072,76,2,1,77060,14141.9,0.183518,8669.5,2551,50,41,3796,73264,3956,23,12040,52766
60911072,89,4,1,24952,4474.9,0.17934,4101.84,2874,22,9,6897,18055,1068,10,1886,9648
60911072,92,3,1,28391,5075.15,0.178759,4530.34,3615,16,12,2702,25689,2305,9,5135,15229
60911072,99,2,1,30672,5532.53,0.180377,2291.76,1892,16,9,6528,24144,2424,7,5743,13677
60911072,127,2,1,33033,5257.27,0.159152,4220.04,704,18,12,12064,20969,1154,11,1630,10013
60911072,129,2,1,45809,7252.76,0.158326,5283.83,3301,20,14,17944,27865,1041,10,7727,13050
60911072,138,2,1,33681,5680.76,0.168664,4572.83,2235,23,17,3184,30497,858,9,7167,24389
60911072,139,2,1,70467,10790.8,0.153133,10346.2,11408,33,30,9859,60608,1010,13,29303,47937
60911072,141,2,1,70216,11674.7,0.166268,10626,2563,28,23,6752,63464,3138,11,21223,48941
60911072,143,4,1,13640,3183.92,0.233425,1464.66,628,5,8,2407,11233,811,7,1093,5352
60911072,147,2,1,147528,19391.9,0.131445,16485.8,11049,45,43,13953,133575,1704,30,12414,105329
60911072,160,2,1,54929,10053.1,0.183021,2114.22,9176,33,23,2896,52033,1322,12,16383,40824
60911072,161,2,1,117157,14939.5,0.127517,12400.8,9484,61,37,13604,103553,1713,22,18510,85163
60911072,162,2,1,38319,5778.6,0.150802,4866.93,2543,20,15,4391,33928,3105,9,6504,20838
60911072,176,2,1,54080,8542.17,0.157954,7695.22,5794,21,14,4224,49856,2194,11,7966,35562
60911072,181,3,1,38016,7451.84,0.196019,6043.95,4742,22,19,2400,35616,1168,10,11808,25328
60911072,184,2,1,70181,7982.63,0.113744,7545.27,2851,32,26,5863,64318,3809,12,15350,47879
60911072,186,3,1,29419,7520.84,0.255646,5409.37,3499,23,16,7251,22168,1377,12,3437,12387
60911072,191,4,1,43455,7538.24,0.173472,6070.1,1392,33,25,14719,28736,1113,8,12022,22142
90910001,22,4,1,12648,3631.6,0.287129,2566.38,497,10,9,1721,10927,911,7,895,4745
90910001,32,4,1,24247,6008.45,0.247802,4913.42,910,22,7,2775,21472,1016,8,8783,13474
90910001,45,3,1,50710,8384.04,0.165333,5722.38,1952,33,16,5675,45035,1769,10,12919,24872
90910001,46,3,1,50908,6041.26,0.11867,5499.12,5963,23,14,14371,36537,1088,7,24449,30287
90910001,54,4,1,43296,8023.56,0.185319,7468.64,6769,29,22,19931,23365,1448,12,3311,11594
90910001,58,2,1,56560,11794,0.208521,9908.09,4202,30,21,3372,53188,2904,13,13280,35191
90910001,59,3,1,28233,6628.38,0.234774,4269.6,1228,23,17,5210,23023,1024,9,3888,11441
90910001,60,4,1,37090,7183.03,0.193665,6215.46,2666,21,16,2361,34729,1552,14,7431,22604
90910001,61,2,1,66304,13000.7,0.196077,11861.4,1793,36,34,10735,55569,3705,19,11367,35150
90910001,67,4,1,11735,2932.85,0.249923,2440.3,319,14,6,2822,8913,697,7,1016,4022
90910001,68,3,1,32613,5136.87,0.15751,4155.89,2409,9,12,4083,28530,3298,9,2815,9557
90910001,76,2,1,94912,13970.8,0.147197,13470.1,5160,40,29,19128,75784,3657,17,12457,57158
90910001,89,4,1,26345,6516.38,0.247348,5789.54,1712,23,21,11120,15225,1489,10,1255,6993
90910001,92,4,1,27353,7520.07,0.274927,5072.55,952,25,18,3170,24183,1657,12,4047,12534
90910001,99,3,1,39530,7245.3,0.183286,5265.56,1792,18,14,6968,32562,3169,10,4872,12651
90910001,127,3,1,52459,8694.71,0.165743,6460.08,2550,26,17,9505,42954,2002,12,22502,29302
90910001,129,3,1,27940,5191.59,0.185812,4302.24,1853,16,13,4411,23529,858,9,2199,8006
90910001,138,3,1,27801,5482.89,0.197219,4306.74,785,18,13,3192,24609,921,9,6721,17142
90910001,139,2,1,85954,15073.8,0.17537,11554.9,8752,43,27,4945,81009,2528,17,25662,66155
90910001,141,2,1,79002,9918.19,0.125543,9425.15,10112,33,17,9623,69379,2024,11,22479,58332
90910001,143,4,1,11801,2834.16,0.240163,2309.61,367,10,8,2584,9217,1200,7,783,3599
90910001,147,2,1,99009,15991.4,0.161515,15149.1,5838,40,37,27120,71889,4338,18,10984,46544
90910001,160,2,1,63956,9186.94,0.143645,6506.99,3080,22,20,3932,60024,2017,11,13214,42901
90910001,161,2,1,189415,24979.9,0.131879,21422.4,2733,99,54,12937,176478,3346,29,32813,133250
90910001,162,4,1,16688,3632.65,0.217681,3075.29,2960,15,11,2389,14299,600,7,6408,9749
90910001,176,4,1,33585,6942.99,0.206729,5916.81,1193,27,24,2049,31536,1641,10,8079,19089
90910001,181,2,1,43263,7296.68,0.168659,5371.19,2353,20,14,3061,40202,4953,13,4096,16270
90910001,184,3,1,47542,7175.54,0.150931,4668.45,3993,31,25,4431,43111,1505,9,20398,29924
90910001,186,2,1,58609,9998.3,0.170593,8311.34,3111,26,19,10705,47904,4040,11,17367,30584
90910001,191,4,1,30977,5238.18,0.169099,3754.08,2593,19,11,3216,27761,4193,8,8904,14137
90910004,22,4,1,14320,3722.5,0.259951,3226.93,653,15,12,1456,12864,664,7,2479,7611
90910004,32,4,1,17979,4200.29,0.233622,2713.41,651,11,13,3731,14248,808,8,3080,8660
90910004,45,3,1,22104,4973.99,0.225027,3065.21,848,15,19,4600,17504,746,9,3207,8717
90910004,46,4,1,37110,7994.05,0.215415,7124.02,833,27,31,3102,34008,4264,11,6767,21041
90910004,54,3,1,25207,6199.14,0.245929,3510.82,2033,20,13,8497,16710,1026,9,2943,9668
90910004,58,4,1,41295,8019.31,0.194196,7306.7,1344,30,31,3783,37512,1394,10,11015,29467
90910004,59,4,1,16025,4412.94,0.275378,3966.61,888,13,15,5938,10087,410,7,3559,6827
90910004,60,4,1,20128,3588.46,0.178282,2740.37,743,18,13,1168,18960,1001,8,5575,14211
90910004,61,3,1,49343,7943.23,0.16098,6011.94,7152,32,27,6463,42880,1073,16,5313,26523
90910004,67,3,1,31395,6984.86,0.222483,6467.85,1112,25,29,11138,20257,1384,10,3296,12038
90910004,68,4,1,19825,5364.13,0.270574,4596.14,375,20,17,3713,16112,713,9,2199,10000
90910004,76,2,1,70180,11039.9,0.157308,10562,4456,34,31,5332,64848,2233,14,15745,52086
90910004,89,3,1,34390,7247.76,0.210752,6896.71,2334,24,22,5990,28400,899,12,8366,21125
90910004,92,4,1,50008,9635.15,0.192672,8403.66,7832,38,38,10345,39663,2537,16,4518,25453
90910004,99,4,1,26181,4892.57,0.186875,4521.48,1385,16,14,4917,21264,514,8,9711,16406
90910004,127,2,1,84236,15774,0.187259,14629.6,2040,41,40,20661,63575,3112,18,8207,37896
90910004,129,3,1,28095,5486.12,0.19527,4642.11,2992,14,15,5325,22770,658,9,7588,16574
90910004,138,2,1,40334,6085.85,0.150886,5401.41,11024,21,18,2302,38032,1394,9,15248,29352
90910004,139,2,1,40096,7551.25,0.188329,7181.48,7092,34,30,4272,35824,1114,15,3653,21214
90910004,141,2,1,61049,9376.15,0.153584,8864.5,3405,39,38,8505,52544,1857,19,10358,39548
90910004,143,4,1,15744,3516.21,0.223336,3083.09,376,13,12,1807,13937,657,7,4046,9360
90910004,147,4,1,35986,6047.08,0.16804,5209.6,2408,21,24,11481,24505,1411,11,6391,17057
90910004,160,3,1,114579,11147.5,0.0972911,10754.4,4836,27,32,4158,110421,11906,13,54928,78779
90910004,161,3,1,134867,18195.9,0.134918,16341.7,8547,47,73,3652,131215,1130,27,25477,107903
90910004,162,4,1,15956,4044.26,0.253463,2573.24,1256,14,17,2460,13496,466,7,2504,6897
90910004,176,4,1,27543,5227.61,0.189798,4695.02,1669,19,12,2502,25041,2969,9,3391,15591
90910004,181,3,1,43200,6300.52,0.145845,3029.62,2088,28,24,1560,41640,1056,10,10487,34519
90910004,184,2,1,64907,6077.86,0.0936395,4385.68,8504,21,15,3035,61872,2147,9,25991,43057
90910004,186,3,1,67316,9445.44,0.140315,8148.79,2198,33,36,3788,63528,2857,17,8984,41514
90910004,191,4,1,20349,5393.04,0.265027,3199.55,473,19,13,4804,15545,713,8,1727,7575
90910033,22,4,1,12118,3977.02,0.328191,2849.27,453,14,6,2158,9960,706,7,1496,4629
90910033,32,4,1,19852,3714.52,0.187111,3243.58,520,12,9,3766,16086,665,8,4088,10536
90910033,45,4,1,26840,3838.72,0.143022,3509.87,3645,11,8,4311,22529,993,9,3912,12562
90910033,46,4,1,23936,4827.01,0.201663,3516.86,1414,13,5,8127,15809,1129,7,2559,8876
90910033,54,4,1,48390,7461.87,0.154203,7050.7,2750,19,19,13049,35341,2320,12,4343,19955
90910033,58,4,1,39040,6854.1,0.175566,6230.03,2936,17,17,2240,36800,4642,10,5080,18346
90910033,59,4,1,28143,4191.42,0.148933,3553.5,1478,12,10,8182,19961,993,9,6992,11965
90910033,60,4,1,26560,5428.11,0.204372,5110.82,3634,21,14,4152,22408,1275,8,3360,12554
90910033,61,4,1,35574,7029.94,0.197615,4192.88,1017,20,25,3429,32145,712,11,6935,25484
90910033,67,4,1,13482,3923.44,0.291013,3432.99,656,14,13,5409,8073,737,7,808,3440
90910033,68,4,1,36388,5739.95,0.157743,5007.02,2053,25,20,4820,31568,2210,12,7319,18461
90910033,76,2,1,74150,6774.99,0.0913687,6138.4,10672,19,21,6623,67527,1258,8,37302,60264
90910033,89,4,1,108611,10974.4,0.101043,9540.99,10376,32,24,7581,101030,11234,13,20870,65745
90910033,92,4,1,47570,5520.84,0.116057,5166.06,5365,18,16,6033,41537,762,9,13224,30361
90910033,99,4,1,65110,5122.41,0.0786732,3905.61,13848,19,12,2669,62441,1538,9,17911,32489
90910033,127,4,1,51726,7400.34,0.143068,7005.28,1766,20,19,9743,41983,2225,11,7119,28977
90910033,129,4,1,35801,4707.28,0.131485,4323.37,3260,12,18,7119,28682,968,11,7759,16653
90910033,138,3,1,40704,5305.05,0.130332,4513.29,2878,13,12,3216,37488,1603,9,6654,22437
90910033,139,3,1,116549,8903.9,0.0763962,7576.72,15532,23,28,4854,111695,11100,15,22941,78862
90910033,141,4,1,51548,5775.74,0.112046,3107.01,6042,16,14,5580,45968,6042,10,5582,21267
90910033,143,4,1,17959,3814.15,0.212381,3158.63,342,12,11,3319,14640,976,8,1552,5264
90910033,147,4,1,63511,8758.94,0.137912,7382.18,3430,27,22,21184,42327,760,10,10912,20967
90910033,160,2,1,74875,8703.23,0.116237,7720.85,9242,24,19,4578,70297,10290,14,9655,40414
90910033,161,3,1,125748,12688.9,0.100907,11909.9,22101,30,28,24763,100985,6977,16,22750,69423
90910033,162,4,1,41921,6955.77,0.165926,6402.55,3169,21,17,3033,38888,1762,9,12008,27860
90910033,176,4,1,34605,5377.99,0.155411,5042.12,5070,18,12,8085,26520,769,9,9351,17042
90910033,181,4,1,48065,5348.22,0.111271,4858.27,2507,19,11,6549,41516,6178,9,6128,26193
90910033,184,4,1,27535,6078.57,0.220758,3208.83,997,17,20,3087,24448,919,9,4615,14933
90910033,186,4,1,89691,9605.07,0.107091,8261.84,12400,26,15,6763,82928,2250,12,31063,71722
90910033,191,4,1,22669,4025.22,0.177565,3621.7,1742,13,8,3581,19088,1161,8,2552,9468
90910034,22,4,1,14133,3546.91,0.250967,2425.42,573,9,8,1717,12416,1057,7,1159,4697
90910034,32,4,1,17639,4289.3,0.243171,3708.28,537,12,10,3094,14545,1552,8,2071,7235
90910034,45,3,1,38736,5846.37,0.150929,4831.86,3693,23,16,4744,33992,1353,9,13382,24838
90910034,46,3,1,37457,6468.38,0.172688,5390.1,7815,12,14,10337,27120,1488,10,3784,15168
90910034,54,4,1,34672,6259.17,0.180525,5130.45,1055,17,13,9586,25086,1526,10,2984,11028
90910034,58,2,1,62581,6623.21,0.105834,5566.34,1478,21,18,3725,58856,3329,9,26031,44817
90910034,59,2,1,53553,6337.09,0.118333,4688.33,13047,23,20,7267,46286,2328,12,13552,33281
90910034,60,2,1,46104,5692.89,0.123479,4680.68,10798,17,17,6008,40096,2977,16,2263,14673
90910034,61,4,1,19632,4150.42,0.211411,3747.45,735,13,12,7184,12448,936,9,1560,6158
90910034,67,4,1,18627,3721.02,0.199765,2618.79,1173,14,9,6450,12177,1065,7,1367,4233
90910034,68,3,1,52678,7144.05,0.135617,6738.59,5518,19,14,3872,48806,2586,11,16366,31453
90910034,76,2,1,46104,5367.18,0.116415,4934.56,2799,15,18,13209,32895,4202,10,6199,17078
90910034,89,3,1,53866,7934,0.147291,4373.16,4144,21,20,6930,46936,1738,11,18277,35178
90910034,92,2,1,89846,9807.71,0.109161,8232.53,8695,25,22,6225,83621,3639,12,19925,63502
90910034,99,2,1,138045,6207.12,0.0449644,5760.41,4735,20,12,9159,128886,5578,11,80815,113642
90910034,127,3,1,61162,8082.96,0.132157,7151.12,13218,24,22,23097,38065,3361,15,3703,16640
90910034,129,3,1,33659,5991.5,0.178006,3389.75,3167,18,18,4785,28874,1912,9,4263,12959
90910034,138,3,1,40534,7961.04,0.196404,6930.48,2268,20,16,5550,34984,3080,11,7624,22945
90910034,139,2,1,76461,10987.4,0.143699,10652.5,5687,32,24,10541,65920,13320,18,12048,32393
90910034,141,3,1,39080,6398.84,0.163737,4535.38,5743,18,19,11217,27863,1768,10,2567,12169
90910034,143,3,1,32055,8288.53,0.258572,6878.87,693,25,20,2087,29968,2000,12,4903,16003
90910034,147,3,1,90586,8858.67,0.0977929,8464.58,8096,29,20,27763,62823,2689,13,25743,49097
90910034,160,2,1,85145,13409.5,0.15749,11480.3,3002,39,32,8083,77062,2321,21,18576,55598
90910034,161,2,1,111867,23711.3,0.21196,22541.4,3543,54,66,9747,102120,1856,23,20311,80416
90910034,162,4,1,12969,3166.67,0.244172,2561.32,712,12,10,4385,8584,1424,7,889,3256
90910034,176,3,1,31833,6101.96,0.191687,4729.41,1752,20,13,3256,28577,2640,10,7631,15903
90910034,181,2,1,73824,12223.7,0.165579,11582.4,3822,33,33,4304,69520,8976,18,11815,40084
90910034,184,2,1,99220,14238.1,0.1435,12130.3,6810,45,34,3389,95831,4327,15,28719,56996
90910034,186,2,1,64850,8828.16,0.136132,6002.78,7503,21,18,8371,56479,4745,9,15736,26107
90910034,191,4,1,31943,6785.94,0.212439,6324.44,1396,14,18,6161,25782,1369,11,6478,14502
90910038,22,4,1,14554,3734.22,0.256577,1284.9,904,13,12,2150,12404,793,7,1618,5482
90910038,32,4,1,18634,3953.2,0.21215,1945.65,726,12,9,814,17820,788,9,2089,8911
90910038,45,3,1,36262,6098.76,0.168186,2867.27,3599,20,17,2302,33960,1197,10,7721,23112
90910038,46,4,1,18636,4664.15,0.250277,666.762,1500,11,12,7204,11432,800,7,1292,4913
90910038,54,3,1,39799,7259.93,0.182415,4552.62,4017,33,27,3893,35906,1193,13,4867,23360
90910038,58,3,1,27760,5732.61,0.206506,4095.79,932,16,12,2713,25047,981,10,5555,14571
90910038,59,3,1,61265,6632.44,0.108258,6177.97,2956,34,18,5293,55972,3323,18,8701,38681
90910038,60,2,1,94811,10892.8,0.11489,8063.8,8250,35,27,3027,91784,4340,15,20093,67498
90910038,61,4,1,21292,4621,0.21703,2227.5,976,19,9,4878,16414,786,10,2192,7791
90910038,67,4,1,17062,2562.39,0.150181,1570.12,3149,13,5,5471,11591,836,8,880,4649
90910038,68,4,1,22313,5146.05,0.23063,1803.06,1119,13,10,3761,18552,841,9,3395,8971
90910038,76,3,1,46440,5947.47,0.128068,4895.23,3067,17,12,2485,43955,3252,9,8185,28863
90910038,89,4,1,30419,6038.1,0.198498,3677.78,906,18,16,4729,25690,880,10,2662,10483
90910038,92,3,1,39729,5171.56,0.130171,3325.64,2020,18,17,5124,34605,1112,9,6849,23944
90910038,99,4,1,23169,4144.5,0.178881,1581.2,1866,12,5,5188,17981,1102,8,1353,7453
90910038,127,2,1,65884,15046.4,0.228378,13533.5,3192,41,26,9995,55889,1860,15,8931,37543
90910038,129,4,1,37895,9229.77,0.243562,7628.95,1202,23,21,5051,32844,1844,11,2232,13470
90910038,138,3,1,21772,4371.91,0.200804,2110.7,870,13,9,2916,18856,1347,9,3483,9816
90910038,139,3,1,56999,8354.81,0.146578,2688.51,3198,30,17,3579,53420,1345,12,24822,44378
90910038,141,3,1,59145,10839.7,0.183274,8633.36,1941,26,29,5504,53641,4285,14,4543,28420
90910038,143,4,1,11898,2798.99,0.235249,2267.97,311,9,8,1958,9940,1040,7,1362,4296
90910038,147,2,1,278482,29707.6,0.106677,28223.5,7433,85,70,7889,270593,5676,25,84193,214591
90910038,160,3,1,37965,6921.13,0.182303,5536.75,2413,21,14,3893,34072,1270,12,6968,23167
90910038,161,3,1,62049,7618.16,0.122777,6480.65,3660,18,13,5670,56379,1958,11,22042,45682
90910038,162,4,1,15299,3485.21,0.227807,2283.25,2584,11,6,2721,12578,534,7,3079,6891
90910038,176,4,1,19291,4254.44,0.22054,3470.8,1046,13,13,814,18477,828,9,5215,11956
90910038,181,4,1,28832,4912.3,0.170377,3598.99,640,18,9,1948,26884,1277,9,7305,13996
90910038,184,3,1,42197,5406.7,0.12813,3785.02,1806,20,11,3529,38668,2292,9,4902,20439
90910038,186,3,1,51796,7555.35,0.145867,5880.85,2214,27,17,4291,47505,3194,10,9224,25080
90910038,191,3,1,59584,11873.5,0.199273,7225.31,2083,46,32,10083,49501,3107,14,10179,29799
99999998,0,4,3,107084,18003.7,0.168126,8.24621,1354,60,55,6249,100835,4804,14,50042,82914
99999998,0,4,5,4665,1648.57,0.353392,2.85971,222,4,6,2498,2167,302,1,0,0
99999998,0,2,6,30906,7769.97,0.251406,9.2635,817,29,30,4486,26420,823,14,4449,18276
99999998,0,4,7,29273,8780.5,0.299952,3.79547,2136,34,37,15282,13991,1375,6,2721,6832
99999998,4,4,1,24526,5698.03,0.232326,71.7008,1942,28,21,1796,22730,1834,10,3626,14350
99999998,4,2,4,13808,3231.02,0.233996,7.37865,701,13,11,2261,11547,3247,7,1284,4307
99999998,5,2,1,8106,3084.45,0.380514,2.47948,119,5,7,6986,1120,358,1,0,0
99999998,5,2,6,71608,8638.98,0.120643,35.8469,3560,31,37,8071,63537,2179,11,15835,45567
99999998,12,2,2,6875,3200.15,0.465477,2.57061,218,8,5,2783,4092,898,2,1696,1696
99999998,353,4,1,3626,2117.11,0.583869,2.50086,174,3,3,2676,950,303,1,0,0
99999998,361,4,1,8459,2454.28,0.290139,25.0799,2280,3,3,7337,1122,416,1,0,0
99999999,18,4,1,3024,1449.67,0.479388,1.8793,150,2,4,1929,1095,333,1,0,0
99999999,19,4,1,53540,9121.87,0.170375,2.89264,4824,40,26,5186,48354,1420,11,12976,42302
99999999,41,4,1,4090,2191.56,0.535834,2.19634,261,3,5,2342,1748,322,1,0,0
99999999,310,2,2,3147,1782.99,0.566567,3.57056,119,3,4,2219,928,294,1,0,0
99999999,344,2,1,3106,1926.2,0.620154,3.27649,144,3,3,2033,1073,271,1,0,0
99999999,350,2,1,3638,1763.97,0.484873,2.06399,268,5,3,2484,1154,366,1,0,0
99999999,356,4,1,2761,1734.11,0.628073,3.20408,127,3,3,1734,1027,271,1,0,0
99999999,357,2,1,2806,1721.92,0.613657,2.06497,52,3,4,1909,897,276,1,0,0
99999999,358,2,1,2861,1799.22,0.628878,2.16762,243,3,3,2009,852,271,1,0,0
99999999,376,2,1,3147,1650.96,0.524612,2.39166,218,3,3,2149,998,295,1,0,0
99999999,381,2,2,3126,1396.77,0.446823,1.83872,165,3,3,2039,1087,331,1,0,0
